higherGeography,materialSampleID,station_old,station
Aldabra Atoll,EE0472,ile_esprit,Ile Esprit
Aldabra Atoll,EE0473,settlement_beach,Settlement Beach
Aldabra Atoll,EE0474,settlement_beach,Settlement Beach
Aldabra Atoll,EE0475,bras_monsieur_claremont,Bras Monsieur Claremont
Aldabra Atoll,EE0479,ile_esprit,Ile Esprit
Aldabra Atoll,EE0480,bras_monsieur_claremont,Bras Monsieur Claremont
Aldabra Atoll,EE0487,polymnie,Polymnie
Aldabra Atoll,EE0488,settlement_beach,Settlement Beach
Aldabra Atoll,EE0489,polymnie,Polymnie
Aldabra Atoll,EE0490,west_grand_terre,West Grand Terre
Aldabra Atoll,EE0491,west_grand_terre,West Grand Terre
Aldabra Atoll,EE0492,ile_esprit,Ile Esprit
Aldabra Atoll,EE0493,ile_esprit,Ile Esprit
Aldabra Atoll,EE0494,west_grand_terre,West Grand Terre
Aldabra Atoll,EE0495,settlement_beach,Settlement Beach
Aldabra Atoll,EE0496,west_grand_terre,West Grand Terre
Aldabra Atoll,EE0497,bras_monsieur_claremont,Bras Monsieur Claremont
Aldabra Atoll,EE0498,bras_monsieur_claremont,Bras Monsieur Claremont
Aldabra Atoll,EE0499,polymnie,Polymnie
Aldabra Atoll,EE0501,polymnie,Polymnie
Archipiélago de Revillagigedo,EE0060,punta_tosca,Punta Tosca
Archipiélago de Revillagigedo,EE0064,punta_tosca,Punta Tosca
Archipiélago de Revillagigedo,EE0065,san_benedicto,San Benedicto
Archipiélago de Revillagigedo,EE0098,isla_clarion,Isla Clarion
Archipiélago de Revillagigedo,EE0100,isla_clarion,Isla Clarion
Archipiélago de Revillagigedo,EE0101,roca_partida,Roca Partida
Archipiélago de Revillagigedo,EE0106,isla_clarion,Isla Clarion
Archipiélago de Revillagigedo,EE0111,punta_tosca,Punta Tosca
Archipiélago de Revillagigedo,EE0128,roca_partida,Roca Partida
Archipiélago de Revillagigedo,EE0129,isla_clarion,Isla Clarion
Archipiélago de Revillagigedo,EE0131,isla_clarion,Isla Clarion
Archipiélago de Revillagigedo,EE0134,san_benedicto,San Benedicto
Archipiélago de Revillagigedo,EE0135,punta_tosca,Punta Tosca
Archipiélago de Revillagigedo,EE0136,san_benedicto,San Benedicto
Archipiélago de Revillagigedo,EE0137,isla_clarion,Isla Clarion
Archipiélago de Revillagigedo,EE0139,isla_clarion,Isla Clarion
Archipiélago de Revillagigedo,EE0142,roca_partida,Roca Partida
Archipiélago de Revillagigedo,EE0215,isla_clarion,Isla Clarion
Archipiélago de Revillagigedo,EE0229,san_benedicto,San Benedicto
Archipiélago de Revillagigedo,EE0230,roca_partida,Roca Partida
Banc d'Arguin National Park,EE0256,pnba,Pnba
Banc d'Arguin National Park,EE0257,pnba,Pnba
Banc d'Arguin National Park,EE0258,pnba,Pnba
Banc d'Arguin National Park,EE0259,pnba,Pnba
Banc d'Arguin National Park,EE0260,pnba,Pnba
Banc d'Arguin National Park,EE0261,pnba,Pnba
Banc d'Arguin National Park,EE0262,pnba,Pnba
Banc d'Arguin National Park,EE0263,pnba,Pnba
Banc d'Arguin National Park,EE0264,pnba,Pnba
Banc d'Arguin National Park,EE0266,pnba,Pnba
Banc d'Arguin National Park,EE0267,pnba,Pnba
Banc d'Arguin National Park,EE0268,pnba,Pnba
Banc d'Arguin National Park,EE0280,pnba,Pnba
Banc d'Arguin National Park,EE0281,pnba,Pnba
Banc d'Arguin National Park,EE0282,pnba,Pnba
Banc d'Arguin National Park,EE0283,pnba,Pnba
Banc d'Arguin National Park,EE0284,pnba,Pnba
Banc d'Arguin National Park,EE0296,pnba,Pnba
Banc d'Arguin National Park,EE0299,pnba,Pnba
Banc d'Arguin National Park,EE0302,pnba,Pnba
Belize Barrier Reef Reserve System,EE0323,swcmr,Swcmr
Belize Barrier Reef Reserve System,EE0324,bcmr,Bcmr
Belize Barrier Reef Reserve System,EE0325,glovers_reef,Glovers Reef
Belize Barrier Reef Reserve System,EE0326,glovers_reef,Glovers Reef
Belize Barrier Reef Reserve System,EE0417,bcmr,Bcmr
Belize Barrier Reef Reserve System,EE0418,swcmr,Swcmr
Belize Barrier Reef Reserve System,EE0419,bcmr,Bcmr
Belize Barrier Reef Reserve System,EE0420,scmr,Scmr
Belize Barrier Reef Reserve System,EE0421,bcmr,Bcmr
Belize Barrier Reef Reserve System,EE0422,bacalar_chico,Bcmr
Belize Barrier Reef Reserve System,EE0423,scmr,Scmr
Belize Barrier Reef Reserve System,EE0424,scmr,Scmr
Belize Barrier Reef Reserve System,EE0425,glovers_reef,Glovers Reef
Belize Barrier Reef Reserve System,EE0426,swcmr,Swcmr
Belize Barrier Reef Reserve System,EE0428,glovers_reef,Glovers Reef
Belize Barrier Reef Reserve System,EE0429,swcmr,Swcmr
Belize Barrier Reef Reserve System,EE0477,scmr,Scmr
Brazilian Atlantic Islands: Fernando de Noronha and Atol das Rocas Reserves,EE0430,sueste,Sueste
Brazilian Atlantic Islands: Fernando de Noronha and Atol das Rocas Reserves,EE0431,cagarras,Cagarras
Brazilian Atlantic Islands: Fernando de Noronha and Atol das Rocas Reserves,EE0435,baia_dos_delfines,Baia Dos Delfines
Brazilian Atlantic Islands: Fernando de Noronha and Atol das Rocas Reserves,EE0440,baia_dos_delfines,Baia Dos Delfines
Brazilian Atlantic Islands: Fernando de Noronha and Atol das Rocas Reserves,EE0441,sueste,Sueste
Brazilian Atlantic Islands: Fernando de Noronha and Atol das Rocas Reserves,EE0442,baia_dos_delfines,Baia Dos Delfines
Brazilian Atlantic Islands: Fernando de Noronha and Atol das Rocas Reserves,EE0446,cagarras,Cagarras
Brazilian Atlantic Islands: Fernando de Noronha and Atol das Rocas Reserves,EE0447,cagarras,Cagarras
Brazilian Atlantic Islands: Fernando de Noronha and Atol das Rocas Reserves,EE0451,baia_dos_delfines,Baia Dos Delfines
Brazilian Atlantic Islands: Fernando de Noronha and Atol das Rocas Reserves,EE0453,sueste,Sueste
Brazilian Atlantic Islands: Fernando de Noronha and Atol das Rocas Reserves,EE0454,sueste,Sueste
Brazilian Atlantic Islands: Fernando de Noronha and Atol das Rocas Reserves,EE0455,cagarras,Cagarras
Cocos Island National Park,EE0163,taza_de_te,Taza De Te
Cocos Island National Park,EE0164,pnic,Pnic
Cocos Island National Park,EE0165,montagne,Montagne
Cocos Island National Park,EE0166,montagne,Montagne
Cocos Island National Park,EE0167,roca_sucia,Roca Sucia
Cocos Island National Park,EE0168,dos_amigos,Dos Amigos
Cocos Island National Park,EE0174,pnic,Pnic
Cocos Island National Park,EE0175,manuelita,Manuelita
Cocos Island National Park,EE0176,pnic,Pnic
Cocos Island National Park,EE0177,dos_amigos,Dos Amigos
Cocos Island National Park,EE0178,taza_de_te,Taza De Te
Cocos Island National Park,EE0179,montagne,Montagne
Cocos Island National Park,EE0180,pnic,Pnic
Cocos Island National Park,EE0181,montagne,Montagne
Cocos Island National Park,EE0182,dos_amigos,Dos Amigos
Cocos Island National Park,EE0183,roca_sucia,Roca Sucia
Cocos Island National Park,EE0184,taza_de_te,Taza De Te
Cocos Island National Park,EE0185,roca_sucia,Roca Sucia
Cocos Island National Park,EE0186,roca_sucia,Roca Sucia
Cocos Island National Park,EE0187,dos_amigos,Dos Amigos
Cocos Island National Park,EE0188,taza_de_te,Taza De Te
Cocos Island National Park,EE0189,juan_bautista,Juan Bautista
Cocos Island National Park,EE0190,juan_bautista,Juan Bautista
Cocos Island National Park,EE0253,juan_bautista,Juan Bautista
Cocos Island National Park,EE0400,juan_bautista,Juan Bautista
Coiba National Park and its Special Zone of Marine Protection,EE0160,canales_de_afuero,Canales De Afuero
Coiba National Park and its Special Zone of Marine Protection,EE0192,rio_san_juan,Rio San Juan
Coiba National Park and its Special Zone of Marine Protection,EE0207,isla_tortuga,Isla Tortuga
Coiba National Park and its Special Zone of Marine Protection,EE0208,isla_tortuga,Isla Tortuga
Coiba National Park and its Special Zone of Marine Protection,EE0209,rio_san_juan,Rio San Juan
Coiba National Park and its Special Zone of Marine Protection,EE0237,oceanica,Oceanica
Coiba National Park and its Special Zone of Marine Protection,EE0238,canales_de_afuero,Canales De Afuero
Coiba National Park and its Special Zone of Marine Protection,EE0239,tres_islas,Tres Islas
Coiba National Park and its Special Zone of Marine Protection,EE0240,oceanica,Oceanica
Coiba National Park and its Special Zone of Marine Protection,EE0241,rio_san_juan,Rio San Juan
Coiba National Park and its Special Zone of Marine Protection,EE0242,granito_de_oro,Granito De Oro
Coiba National Park and its Special Zone of Marine Protection,EE0243,rio_san_juan,Rio San Juan
Coiba National Park and its Special Zone of Marine Protection,EE0244,canales_de_afuero,Canales De Afuero
Coiba National Park and its Special Zone of Marine Protection,EE0245,isla_tortuga,Isla Tortuga
Coiba National Park and its Special Zone of Marine Protection,EE0246,granito_de_oro,Granito De Oro
Coiba National Park and its Special Zone of Marine Protection,EE0247,isla_tortuga,Isla Tortuga
Coiba National Park and its Special Zone of Marine Protection,EE0248,granito_de_oro,Granito De Oro
Coiba National Park and its Special Zone of Marine Protection,EE0249,granito_de_oro,Granito De Oro
Coiba National Park and its Special Zone of Marine Protection,EE0250,canales_de_afuero,Canales De Afuero
Coiba National Park and its Special Zone of Marine Protection,EE0254,oceanica,Oceanica
Coiba National Park and its Special Zone of Marine Protection,EE0255,oceanica,Oceanica
Everglades National Park,EE0386,captain,Captain
Everglades National Park,EE0387,whip_ray,Whip Ray
Everglades National Park,EE0388,north_eagle_key,North Eagle Key
Everglades National Park,EE0389,crocodile_dragover,Crocodile Dragover
Everglades National Park,EE0390,crocodile_dragover,Crocodile Dragover
Everglades National Park,EE0391,captain,Captain
Everglades National Park,EE0402,captain,Captain
Everglades National Park,EE0403,trout_creek,Trout Creek
Everglades National Park,EE0404,whip_ray,Whip Ray
Everglades National Park,EE0405,whip_ray,Whip Ray
Everglades National Park,EE0406,whip_ray,Whip Ray
Everglades National Park,EE0407,crocodile_dragover,Crocodile Dragover
Everglades National Park,EE0408,trout_creek,Trout Creek
Everglades National Park,EE0409,trout_creek,Trout Creek
Everglades National Park,EE0410,trout_creek,Trout Creek
Everglades National Park,EE0411,crocodile_dragover,Crocodile Dragover
Everglades National Park,EE0412,captain,Captain
Everglades National Park,EE0413,trout_creek,Trout Creek
Everglades National Park,EE0414,north_eagle_key,North Eagle Key
Everglades National Park,EE0415,north_eagle_key,North Eagle Key
Everglades National Park,EE0416,north_eagle_key,North Eagle Key
French Austral Lands and Seas,EE0001,amsterdam,Amsterdam
French Austral Lands and Seas,EE0002,ile_haute,Ile Haute
French Austral Lands and Seas,EE0003,baie_des_swains,Baie Des Swains
French Austral Lands and Seas,EE0004,amsterdam,Amsterdam
French Austral Lands and Seas,EE0005,armor,Armor
French Austral Lands and Seas,EE0006,baie_des_swains,Baie Des Swains
French Austral Lands and Seas,EE0007,armor,Armor
French Austral Lands and Seas,EE0008,suhm,Suhm
French Austral Lands and Seas,EE0010,baie_des_swains,Baie Des Swains
French Austral Lands and Seas,EE0011,suhm,Suhm
French Austral Lands and Seas,EE0013,ile_haute,Ile Haute
French Austral Lands and Seas,EE0015,ile_haute,Ile Haute
French Austral Lands and Seas,EE0016,armor,Armor
French Austral Lands and Seas,EE0017,amsterdam,Amsterdam
French Austral Lands and Seas,EE0018,ile_haute,Ile Haute
French Austral Lands and Seas,EE0019,amsterdam,Amsterdam
French Austral Lands and Seas,EE0020,suhm,Suhm
French Austral Lands and Seas,EE0021,suhm,Suhm
French Austral Lands and Seas,EE0022,baie_des_swains,Baie Des Swains
French Austral Lands and Seas,EE0087,armor,Armor
French Austral Lands and Seas,EE0127,amsterdam,Amsterdam
French Austral Lands and Seas,EE0147,ile_haute,Ile Haute
"Gulf of Porto: Calanche of Piana, Gulf of Girolata, Scandola Reserve",EE0265,foccocara,Foccocara
"Gulf of Porto: Calanche of Piana, Gulf of Girolata, Scandola Reserve",EE0301,ficaghjola,Ficaghjola
"Gulf of Porto: Calanche of Piana, Gulf of Girolata, Scandola Reserve",EE0303,ficaghjola,Ficaghjola
"Gulf of Porto: Calanche of Piana, Gulf of Girolata, Scandola Reserve",EE0304,elbu,Elbu
"Gulf of Porto: Calanche of Piana, Gulf of Girolata, Scandola Reserve",EE0305,ficaghjola,Ficaghjola
"Gulf of Porto: Calanche of Piana, Gulf of Girolata, Scandola Reserve",EE0306,ficaghjola,Ficaghjola
"Gulf of Porto: Calanche of Piana, Gulf of Girolata, Scandola Reserve",EE0307,elbu,Elbu
"Gulf of Porto: Calanche of Piana, Gulf of Girolata, Scandola Reserve",EE0308,foccocara,Foccocara
"Gulf of Porto: Calanche of Piana, Gulf of Girolata, Scandola Reserve",EE0309,ficaccia,Ficaccia
"Gulf of Porto: Calanche of Piana, Gulf of Girolata, Scandola Reserve",EE0310,foccocara,Foccocara
"Gulf of Porto: Calanche of Piana, Gulf of Girolata, Scandola Reserve",EE0311,foccocara,Foccocara
"Gulf of Porto: Calanche of Piana, Gulf of Girolata, Scandola Reserve",EE0312,ficaccia,Ficaccia
"Gulf of Porto: Calanche of Piana, Gulf of Girolata, Scandola Reserve",EE0313,ficaghjola,Ficaghjola
"Gulf of Porto: Calanche of Piana, Gulf of Girolata, Scandola Reserve",EE0314,ruzaghiu,Ruzaghiu
"Gulf of Porto: Calanche of Piana, Gulf of Girolata, Scandola Reserve",EE0315,elbu,Elbu
"Gulf of Porto: Calanche of Piana, Gulf of Girolata, Scandola Reserve",EE0316,foccocara,Foccocara
"Gulf of Porto: Calanche of Piana, Gulf of Girolata, Scandola Reserve",EE0317,elbu,Elbu
"Gulf of Porto: Calanche of Piana, Gulf of Girolata, Scandola Reserve",EE0318,elbu,Elbu
"Gulf of Porto: Calanche of Piana, Gulf of Girolata, Scandola Reserve",EE0319,ficaghjola,Ficaghjola
"Gulf of Porto: Calanche of Piana, Gulf of Girolata, Scandola Reserve",EE0320,ficaccia,Ficaccia
"Gulf of Porto: Calanche of Piana, Gulf of Girolata, Scandola Reserve",EE0321,ficaccia,Ficaccia
"Gulf of Porto: Calanche of Piana, Gulf of Girolata, Scandola Reserve",EE0322,punta_a_scopa,Punta A Scopa
Lagoons of New Caledonia: Reef Diversity and Associated Ecosystems,EE0270,entrecasteaux,Entrecasteaux
Lagoons of New Caledonia: Reef Diversity and Associated Ecosystems,EE0271,pouebo,Pouebo
Lagoons of New Caledonia: Reef Diversity and Associated Ecosystems,EE0272,grand_lagoon_nord,Grand Lagoon Nord
Lagoons of New Caledonia: Reef Diversity and Associated Ecosystems,EE0273,pouebo,Pouebo
Lagoons of New Caledonia: Reef Diversity and Associated Ecosystems,EE0274,kouare,Kouare
Lagoons of New Caledonia: Reef Diversity and Associated Ecosystems,EE0276,poe_zco,Poe Zco
Lagoons of New Caledonia: Reef Diversity and Associated Ecosystems,EE0277,poe_zco,Poe Zco
Lagoons of New Caledonia: Reef Diversity and Associated Ecosystems,EE0278,pouebo,Pouebo
Lagoons of New Caledonia: Reef Diversity and Associated Ecosystems,EE0279,entrecasteaux,Entrecasteaux
Lagoons of New Caledonia: Reef Diversity and Associated Ecosystems,EE0286,kouare,Kouare
Lagoons of New Caledonia: Reef Diversity and Associated Ecosystems,EE0287,grand_lagoon_nord,Grand Lagoon Nord
Lagoons of New Caledonia: Reef Diversity and Associated Ecosystems,EE0288,entrecasteaux,Entrecasteaux
Lagoons of New Caledonia: Reef Diversity and Associated Ecosystems,EE0289,kouare,Kouare
Lagoons of New Caledonia: Reef Diversity and Associated Ecosystems,EE0290,poe_zco,Poe Zco
Lagoons of New Caledonia: Reef Diversity and Associated Ecosystems,EE0291,pouebo,Pouebo
Lagoons of New Caledonia: Reef Diversity and Associated Ecosystems,EE0292,poe_zco,Poe Zco
Lagoons of New Caledonia: Reef Diversity and Associated Ecosystems,EE0293,grand_lagoon_nord,Grand Lagoon Nord
Lagoons of New Caledonia: Reef Diversity and Associated Ecosystems,EE0295,kouare,Kouare
Lagoons of New Caledonia: Reef Diversity and Associated Ecosystems,EE0298,entrecasteaux,Entrecasteaux
Lord Howe Island Group,EE0079,sylphs_hole,Sylphs Hole
Lord Howe Island Group,EE0130,erscotts_hole,Erscotts Hole
Lord Howe Island Group,EE0132,erscotts_hole,Erscotts Hole
Lord Howe Island Group,EE0138,erscotts_hole,Erscotts Hole
Lord Howe Island Group,EE0140,north_bay,North Bay
Lord Howe Island Group,EE0141,north_bay,North Bay
Lord Howe Island Group,EE0143,comets_hole,Comets Hole
Lord Howe Island Group,EE0145,sylphs_hole,Sylphs Hole
Lord Howe Island Group,EE0146,far_rocks,Far Rocks
Lord Howe Island Group,EE0340,far_rocks,Far Rocks
Lord Howe Island Group,EE0341,comets_hole,Comets Hole
Lord Howe Island Group,EE0352,far_rocks,Far Rocks
Lord Howe Island Group,EE0353,far_rocks,Far Rocks
Lord Howe Island Group,EE0354,sylphs_hole,Sylphs Hole
Lord Howe Island Group,EE0355,north_bay,North Bay
Lord Howe Island Group,EE0366,north_bay,North Bay
Lord Howe Island Group,EE0367,erscotts_hole,Erscotts Hole
Lord Howe Island Group,EE0368,comets_hole,Comets Hole
Lord Howe Island Group,EE0369,comets_hole,Comets Hole
Lord Howe Island Group,EE0370,sylphs_hole,Sylphs Hole
Ningaloo Coast,EE0327,jurabi_coastal_park,Jurabi Coastal Park
Ningaloo Coast,EE0377,mangrove_bay,Mangrove Bay
Ningaloo Coast,EE0457,mangrove_bay,Mangrove Bay
Ningaloo Coast,EE0458,oyster_stacks,Oyster Stacks
Ningaloo Coast,EE0462,jurabi_coastal_park,Jurabi Coastal Park
Ningaloo Coast,EE0463,oyster_stacks,Oyster Stacks
Ningaloo Coast,EE0464,bundegi_beach,Bundegi Beach
Ningaloo Coast,EE0465,oyster_stacks,Oyster Stacks
Ningaloo Coast,EE0466,oyster_stacks,Oyster Stacks
Ningaloo Coast,EE0467,bundegi_beach,Bundegi Beach
Ningaloo Coast,EE0468,jurabi_coastal_park,Jurabi Coastal Park
Ningaloo Coast,EE0469,bundegi_beach,Bundegi Beach
Ningaloo Coast,EE0470,mangrove_bay,Mangrove Bay
Ningaloo Coast,EE0471,oyster_stacks,Oyster Stacks
Ningaloo Coast,EE0481,jurabi_coastal_park,Jurabi Coastal Park
Ningaloo Coast,EE0482,osprey_bay,Osprey Bay
Ningaloo Coast,EE0483,osprey_bay,Osprey Bay
Ningaloo Coast,EE0484,osprey_bay,Osprey Bay
Ningaloo Coast,EE0485,mangrove_bay,Mangrove Bay
Ningaloo Coast,EE0486,bundegi_beach,Bundegi Beach
Peninsula Valdès,EE0199,valdes_station_1,Valdes Station 1
Peninsula Valdès,EE0200,valdes_station_3,Valdes Station 3
Peninsula Valdès,EE0201,valdes_station_1,Valdes Station 1
Peninsula Valdès,EE0202,valdes_station_1,Valdes Station 1
Peninsula Valdès,EE0203,valdes_station_1,Valdes Station 1
Peninsula Valdès,EE0204,valdes_station_4,Valdes Station 4
Peninsula Valdès,EE0205,valdes_station_2,Valdes Station 2
Peninsula Valdès,EE0206,valdes_station_4,Valdes Station 4
Peninsula Valdès,EE0216,valdes_station_2,Valdes Station 2
Peninsula Valdès,EE0217,valdes_station_2,Valdes Station 2
Peninsula Valdès,EE0218,valdes_station_2,Valdes Station 2
Peninsula Valdès,EE0219,valdes_station_4,Valdes Station 4
Peninsula Valdès,EE0220,valdes_station_5,Valdes Station 5
Peninsula Valdès,EE0231,valdes_station_3,Valdes Station 3
Peninsula Valdès,EE0232,valdes_station_5,Valdes Station 5
Peninsula Valdès,EE0233,valdes_station_3,Valdes Station 3
Peninsula Valdès,EE0234,valdes_station_3,Valdes Station 3
Peninsula Valdès,EE0235,valdes_station_4,Valdes Station 4
Peninsula Valdès,EE0236,valdes_station_5,Valdes Station 5
Peninsula Valdès,EE0252,valdes_station_5,Valdes Station 5
Sanganeb Marine National Park and Dungonab Bay \u2013 Mukkawar Island Marine National Park,EE0050,guba_khamsa,Guba Khamsa
Sanganeb Marine National Park and Dungonab Bay \u2013 Mukkawar Island Marine National Park,EE0054,jabal_mugarsum,Jabal Mugarsum
Sanganeb Marine National Park and Dungonab Bay \u2013 Mukkawar Island Marine National Park,EE0056,jabal_mugarsum,Jabal Mugarsum
Sanganeb Marine National Park and Dungonab Bay \u2013 Mukkawar Island Marine National Park,EE0057,actof_dongunab,Actof Dongunab
Sanganeb Marine National Park and Dungonab Bay \u2013 Mukkawar Island Marine National Park,EE0108,actof_dongunab,Actof Dongunab
Sanganeb Marine National Park and Dungonab Bay \u2013 Mukkawar Island Marine National Park,EE0113,actof_dongunab,Actof Dongunab
Sanganeb Marine National Park and Dungonab Bay \u2013 Mukkawar Island Marine National Park,EE0114,jabal_mugarsum,Jabal Mugarsum
Sanganeb Marine National Park and Dungonab Bay \u2013 Mukkawar Island Marine National Park,EE0116,guba_khamsa,Guba Khamsa
"Shark Bay, Western Australia",EE0043,fowlers_camp,Fowlers Camp
"Shark Bay, Western Australia",EE0044,fowlers_camp,Fowlers Camp
"Shark Bay, Western Australia",EE0045,monkey_mia,Monkey Mia
"Shark Bay, Western Australia",EE0046,petit_point,Petit Point
"Shark Bay, Western Australia",EE0047,fowlers_camp,Fowlers Camp
"Shark Bay, Western Australia",EE0061,sandy_bay,Sandy Bay
"Shark Bay, Western Australia",EE0062,debault_creek,Debault Creek
"Shark Bay, Western Australia",EE0063,fowlers_camp,Fowlers Camp
"Shark Bay, Western Australia",EE0072,debault_creek,Debault Creek
"Shark Bay, Western Australia",EE0078,sandy_bay,Sandy Bay
"Shark Bay, Western Australia",EE0082,debault_creek,Debault Creek
"Shark Bay, Western Australia",EE0086,petit_point,Petit Point
"Shark Bay, Western Australia",EE0094,fowlers_camp,Fowlers Camp
"Shark Bay, Western Australia",EE0097,monkey_mia,Monkey Mia
"Shark Bay, Western Australia",EE0107,sandy_bay,Sandy Bay
"Shark Bay, Western Australia",EE0119,petit_point,Petit Point
"Shark Bay, Western Australia",EE0120,monkey_mia,Monkey Mia
"Shark Bay, Western Australia",EE0122,debault_creek,Debault Creek
"Shark Bay, Western Australia",EE0123,sandy_bay,Sandy Bay
"Shark Bay, Western Australia",EE0124,petit_point,Petit Point
Socotra Archipelago,EE0524,shoeb_lagoon,Shoeb Lagoon
Socotra Archipelago,EE0526,di_hamri,Di Hamri
Socotra Archipelago,EE0528,roosh_mpa,Roosh Mpa
Socotra Archipelago,EE0531,ditwh_pa,Ditwh Pa
Socotra Archipelago,EE0537,di_hamri,Di Hamri
Socotra Archipelago,EE0539,qariah,Qariah
Socotra Archipelago,EE0541,mahfarhin_qasharihan_mpa,Mahfarhin Qasharihan Mpa
The Sundarbans,EE0330,sundarbans_5,Sundarbans 5
The Sundarbans,EE0331,sundarbans_3,Sundarbans 3
The Sundarbans,EE0332,sundarbans_2,Sundarbans 2
The Sundarbans,EE0333,sundarbans_6,Sundarbans 6
The Sundarbans,EE0334,sundarbans_5,Sundarbans 5
The Sundarbans,EE0336,sundarbans_5,Sundarbans 5
The Sundarbans,EE0337,sundarbans_3,Sundarbans 3
The Sundarbans,EE0338,sundarbans_3,Sundarbans 3
The Sundarbans,EE0339,sundarbans_1,Sundarbans 1
The Sundarbans,EE0344,sundarbans_2,Sundarbans 2
The Sundarbans,EE0345,sundarbans_1,Sundarbans 1
The Sundarbans,EE0347,sundarbans_1,Sundarbans 1
The Sundarbans,EE0348,sundarbans_4,Sundarbans 4
The Sundarbans,EE0350,sundarbans_5,Sundarbans 5
The Sundarbans,EE0351,sundarbans_2,Sundarbans 2
The Sundarbans,EE0360,sundarbans_2,Sundarbans 2
The Sundarbans,EE0361,sundarbans_4,Sundarbans 4
The Sundarbans,EE0362,sundarbans_4,Sundarbans 4
The Sundarbans,EE0363,sundarbans_4,Sundarbans 4
The Sundarbans,EE0364,sundarbans_1,Sundarbans 1
The Sundarbans,EE0365,sundarbans_3,Sundarbans 3
Tubbataha Reefs Natural Park,EE0048,south_atoll_lagoon,South Atoll Lagoon
Tubbataha Reefs Natural Park,EE0051,new_bird_islet,New Bird Islet
Tubbataha Reefs Natural Park,EE0053,new_bird_islet,New Bird Islet
Tubbataha Reefs Natural Park,EE0055,new_bird_islet,New Bird Islet
Tubbataha Reefs Natural Park,EE0058,south_atoll_lagoon,South Atoll Lagoon
Tubbataha Reefs Natural Park,EE0059,new_bird_islet,New Bird Islet
Tubbataha Reefs Natural Park,EE0099,kook_south_atoll,Kook South Atoll
Tubbataha Reefs Natural Park,EE0103,twreck_south_atoll,Twreck South Atoll
Tubbataha Reefs Natural Park,EE0104,north_east_malayan_reef,North East Malayan Reef
Tubbataha Reefs Natural Park,EE0109,south_park,South Park
Tubbataha Reefs Natural Park,EE0110,south_park,South Park
Tubbataha Reefs Natural Park,EE0112,south_atoll_lagoon,South Atoll Lagoon
Tubbataha Reefs Natural Park,EE0117,south_park,South Park
Tubbataha Reefs Natural Park,EE0118,north_east_malayan_reef,North East Malayan Reef
Tubbataha Reefs Natural Park,EE0125,twreck_south_atoll,Twreck South Atoll
Tubbataha Reefs Natural Park,EE0432,kook_south_atoll,Kook South Atoll
Tubbataha Reefs Natural Park,EE0438,south_park,South Park
Tubbataha Reefs Natural Park,EE0439,north_east_malayan_reef,North East Malayan Reef
Tubbataha Reefs Natural Park,EE0444,north_east_malayan_reef,North East Malayan Reef
Tubbataha Reefs Natural Park,EE0452,south_atoll_lagoon,South Atoll Lagoon
Wadden Sea,EE0066,neuwerk,Neuwerk
Wadden Sea,EE0067,neuwerk,Neuwerk
Wadden Sea,EE0068,wilhelmshaven,Wilhelmshaven
Wadden Sea,EE0069,wilhelmshaven,Wilhelmshaven
Wadden Sea,EE0070,wilhelmshaven,Wilhelmshaven
Wadden Sea,EE0071,hjerting,Hjerting
Wadden Sea,EE0074,neuwerk,Neuwerk
Wadden Sea,EE0075,schleswig_holstein,Schleswig Holstein
Wadden Sea,EE0076,schleswig_holstein,Schleswig Holstein
Wadden Sea,EE0077,schleswig_holstein,Schleswig Holstein
Wadden Sea,EE0080,schleswig_holstein,Schleswig Holstein
Wadden Sea,EE0081,den_oever,Den Oever
Wadden Sea,EE0085,wilhelmshaven,Wilhelmshaven
Wadden Sea,EE0088,neuwerk,Neuwerk
Wadden Sea,EE0089,wilhelmshaven,Wilhelmshaven
Wadden Sea,EE0090,hjerting,Hjerting
Wadden Sea,EE0091,hjerting,Hjerting
Wadden Sea,EE0092,den_oever,Den Oever
Wadden Sea,EE0093,den_oever,Den Oever
Wadden Sea,EE0095,hjerting,Hjerting
Wadden Sea,EE0096,hjerting,Hjerting
Wadden Sea,EE0105,den_oever,Den Oever
Wadden Sea,EE0126,neuwerk,Neuwerk
Wadden Sea,EE0194,den_oever,Den Oever
Wadden Sea,EE0195,neuwerk,Neuwerk
Wadden Sea,EE0196,hjerting,Hjerting
Wadden Sea,EE0197,hjerting,Hjerting
Wadden Sea,EE0198,hjerting,Hjerting
Wadden Sea,EE0210,wilhelmshaven,Wilhelmshaven
Wadden Sea,EE0211,neuwerk,Neuwerk
Wadden Sea,EE0212,neuwerk,Neuwerk
Wadden Sea,EE0213,hjerting,Hjerting
Wadden Sea,EE0222,den_oever,Den Oever
Wadden Sea,EE0223,den_oever,Den Oever
Wadden Sea,EE0224,wilhelmshaven,Wilhelmshaven
Wadden Sea,EE0226,neuwerk,Neuwerk
Wadden Sea,EE0227,wilhelmshaven,Wilhelmshaven
Wadden Sea,EE0228,wilhelmshaven,Wilhelmshaven
Wadden Sea,EE0522,den_oever,Den Oever
Wadden Sea,EE0529,den_oever,Den Oever
iSimangaliso Wetland Park,EE0371,st_lucia_lake,St Lucia Lake
iSimangaliso Wetland Park,EE0372,bhanga_neck,Bhanga Neck
iSimangaliso Wetland Park,EE0373,bhanga_neck,Bhanga Neck
iSimangaliso Wetland Park,EE0374,sodwana_bay,Sodwana Bay
iSimangaliso Wetland Park,EE0375,mission_rock,Mission Rock
iSimangaliso Wetland Park,EE0376,mission_rock,Mission Rock
iSimangaliso Wetland Park,EE0378,mission_rock,Mission Rock
iSimangaliso Wetland Park,EE0379,ingwe_beach,Ingwe Beach
iSimangaliso Wetland Park,EE0380,bhanga_neck,Bhanga Neck
iSimangaliso Wetland Park,EE0381,ingwe_beach,Ingwe Beach
iSimangaliso Wetland Park,EE0382,ingwe_beach,Ingwe Beach
iSimangaliso Wetland Park,EE0383,st_lucia_lake,St Lucia Lake
iSimangaliso Wetland Park,EE0384,st_lucia_lake,St Lucia Lake
iSimangaliso Wetland Park,EE0385,st_lucia_lake,St Lucia Lake
iSimangaliso Wetland Park,EE0394,sodwana_bay,Sodwana Bay
iSimangaliso Wetland Park,EE0395,ingwe_beach,Ingwe Beach
iSimangaliso Wetland Park,EE0396,sodwana_bay,Sodwana Bay
iSimangaliso Wetland Park,EE0397,bhanga_neck,Bhanga Neck
iSimangaliso Wetland Park,EE0398,mission_rock,Mission Rock
iSimangaliso Wetland Park,EE0401,ingwe_beach,Ingwe Beach
iSimangaliso Wetland Park,EE0461,sodwana_bay,Sodwana Bay